{"cameraMode":{"drawMode":0,"name":"Shaded","section":"Shading Mode"},"sceneLighting":true,"audioPlay":false,"sceneViewState":{"showFog":true,"showMaterialUpdate":true,"showSkybox":true,"showFlares":true,"showImageEffects":true,"showParticleSystems":true},"in2DMode":false,"pivot":{"x":-0.11775708198547363,"y":-0.17163491249084474,"z":1.8633286952972413},"rotation":{"x":0.17960573732852937,"y":-0.017988083884119989,"z":0.0033115907572209837,"w":0.9836091995239258},"size":1.0757827758789063,"orthographic":false}