{"cameraMode":{"drawMode":0,"name":"Shaded","section":"Shading Mode"},"sceneLighting":true,"audioPlay":false,"sceneViewState":{"showFog":true,"showMaterialUpdate":true,"showSkybox":true,"showFlares":true,"showImageEffects":true,"showParticleSystems":true},"in2DMode":false,"pivot":{"x":0.07859431952238083,"y":0.170400008559227,"z":0.7805207967758179},"rotation":{"x":0.15172719955444337,"y":0.6060454845428467,"z":-0.11911919713020325,"w":0.7717354893684387},"size":1.9757826328277588,"orthographic":false}