{"cameraMode":{"drawMode":0,"name":"Shaded","section":"Shading Mode"},"sceneLighting":true,"audioPlay":false,"sceneViewState":{"showFog":true,"showMaterialUpdate":true,"showSkybox":true,"showFlares":true,"showImageEffects":true,"showParticleSystems":true},"in2DMode":false,"pivot":{"x":-0.26424655318260195,"y":0.4433615207672119,"z":2.7242631912231447},"rotation":{"x":0.16710466146469117,"y":0.2695258557796478,"z":-0.04752122610807419,"w":0.9472339153289795},"size":153.95562744140626,"orthographic":false}