{"cameraMode":{"drawMode":0,"name":"Shaded","section":"Shading Mode"},"sceneLighting":true,"audioPlay":false,"sceneViewState":{"showFog":true,"showMaterialUpdate":true,"showSkybox":true,"showFlares":true,"showImageEffects":true,"showParticleSystems":true},"in2DMode":false,"pivot":{"x":0.06326055526733399,"y":-0.1110546886920929,"z":2.778427839279175},"rotation":{"x":0.16710466146469117,"y":0.2695258557796478,"z":-0.04752122610807419,"w":0.9472339153289795},"size":229.03387451171876,"orthographic":false}