{"cameraMode":{"drawMode":0,"name":"Shaded","section":"Shading Mode"},"sceneLighting":true,"audioPlay":false,"sceneViewState":{"showFog":true,"showMaterialUpdate":true,"showSkybox":true,"showFlares":true,"showImageEffects":true,"showParticleSystems":true},"in2DMode":false,"pivot":{"x":0.10882522165775299,"y":-0.2386324405670166,"z":2.5653903484344484},"rotation":{"x":0.18491142988204957,"y":0.08069972693920136,"z":-0.015207095071673394,"w":0.9793592691421509},"size":54.353302001953128,"orthographic":false}