{"cameraMode":{"drawMode":0,"name":"Shaded","section":"Shading Mode"},"sceneLighting":true,"audioPlay":false,"sceneViewState":{"showFog":true,"showMaterialUpdate":true,"showSkybox":true,"showFlares":true,"showImageEffects":true,"showParticleSystems":true},"in2DMode":false,"pivot":{"x":-1.7113583087921143,"y":8.748374938964844,"z":6.610435485839844},"rotation":{"x":0.08537376672029495,"y":0.18600592017173768,"z":-0.016223382204771043,"w":0.9787221550941467},"size":6.454331874847412,"orthographic":false}