{"cameraMode":{"drawMode":0,"name":"Shaded","section":"Shading Mode"},"sceneLighting":true,"audioPlay":false,"sceneViewState":{"showFog":true,"showMaterialUpdate":true,"showSkybox":true,"showFlares":true,"showImageEffects":true,"showParticleSystems":true},"in2DMode":false,"pivot":{"x":-27.05544090270996,"y":-21.993167877197267,"z":108.31541442871094},"rotation":{"x":0.12132734060287476,"y":-0.05445631965994835,"z":0.006670853588730097,"w":0.9911144971847534},"size":71.8733139038086,"orthographic":false}