{"cameraMode":{"drawMode":0,"name":"Shaded","section":"Shading Mode"},"sceneLighting":true,"audioPlay":false,"sceneViewState":{"showFog":true,"showMaterialUpdate":true,"showSkybox":true,"showFlares":true,"showImageEffects":true,"showParticleSystems":true},"in2DMode":false,"pivot":{"x":-15.38412094116211,"y":4.589520454406738,"z":11.216272354125977},"rotation":{"x":0.08537376672029495,"y":0.18600592017173768,"z":-0.016223382204771043,"w":0.9787221550941467},"size":20.40642738342285,"orthographic":false}