{"cameraMode":{"drawMode":0,"name":"Shaded","section":"Shading Mode"},"sceneLighting":true,"audioPlay":false,"sceneViewState":{"showFog":true,"showMaterialUpdate":true,"showSkybox":true,"showFlares":true,"showImageEffects":true,"showParticleSystems":true},"in2DMode":false,"pivot":{"x":-0.08267398178577423,"y":-1.2510817050933838,"z":8.823936462402344},"rotation":{"x":0.2926356792449951,"y":0.013478630222380162,"z":-0.004121675156056881,"w":0.956127941608429},"size":18.801586151123048,"orthographic":false}