{"cameraMode":{"drawMode":0,"name":"Shaded","section":"Shading Mode"},"sceneLighting":false,"audioPlay":false,"sceneViewState":{"showFog":true,"showMaterialUpdate":true,"showSkybox":false,"showFlares":true,"showImageEffects":true,"showParticleSystems":true},"in2DMode":false,"pivot":{"x":324.0333251953125,"y":275.16461181640627,"z":899.0863037109375},"rotation":{"x":-0.004808447323739529,"y":0.023094872012734414,"z":-0.00011108679609606043,"w":-0.9997231960296631},"size":1638.1832275390625,"orthographic":false}