{"cameraMode":{"drawMode":0,"name":"Shaded","section":"Shading Mode"},"sceneLighting":false,"audioPlay":false,"sceneViewState":{"showFog":true,"showMaterialUpdate":true,"showSkybox":false,"showFlares":true,"showImageEffects":true,"showParticleSystems":true},"in2DMode":false,"pivot":{"x":479.14691162109377,"y":400.78875732421877,"z":23.60715103149414},"rotation":{"x":0.0026905068662017586,"y":0.0005971828941255808,"z":0.0000017193750636579353,"w":-0.9999977946281433},"size":1019.1306762695313,"orthographic":false}